{
  "summary": {
    "kernel_classes": {
      "1": "Dense GEMM / Standard Conv",
      "2": "Depthwise / Grouped Conv",
      "3": "Attention Core (QK^T, softmax, AV)",
      "4": "Elementwise / Pointwise",
      "5": "Reductions / Pooling / Norms",
      "6": "Embedding / Gather / Scatter",
      "7": "Data Movement / Layout"
    }
  },
  "per_model_results": {
  "CN": {
      "1": {
        "F_c": 730000000.0,
        "U_c": 149486592.0,
        "AI_c": 4.883381112869307
      },
      "2": {
        "F_c": 800000000.0,
        "U_c": 12136320.0,
        "AI_c": 65.91784000421875
      },
      "3": {
        "F_c": 0.0,
        "U_c": 0.0,
        "AI_c": 0.0
      },
      "4": {
        "F_c": 287000000.0,
        "U_c": 247196128.0,
        "AI_c": 1.1610214218242123
      },
      "5": {
        "F_c": 94000000.0,
        "U_c": 170464.0,
        "AI_c": 551.4360803454101
      },
      "6": {
        "F_c": 0.0,
        "U_c": 0.0,
        "AI_c": 0.0
      },
      "7": {
        "F_c": 27200000.0,
        "U_c": 245898084.0,
        "AI_c": 0.11061493264827553
      }
    },
  "DN": {
      "1": {
        "F_c": 4070000000.0,
        "U_c": 171434240.0,
        "AI_c": 23.740881634847273
      },
      "2": {
        "F_c": 0.0,
        "U_c": 0.0,
        "AI_c": 0.0
      },
      "3": {
        "F_c": 0.0,
        "U_c": 0.0,
        "AI_c": 0.0
      },
      "4": {
        "F_c": 21000000.0,
        "U_c": 20494400.0,
        "AI_c": 1.0246701537981107
      },
      "5": {
        "F_c": 10000000.0,
        "U_c": 1509376.0,
        "AI_c": 6.625254409769335
      },
      "6": {
        "F_c": 0.0,
        "U_c": 0.0,
        "AI_c": 0.0
      },
      "7": {
        "F_c": 45400000.0,
        "U_c": 144730380.0,
        "AI_c": 0.3136867325298255
      }
    },
  "EN": {
      "1": {
        "F_c": 10000000.0,
        "U_c": 5120000.0,
        "AI_c": 1.953125
      },
      "2": {
        "F_c": 640000000.0,
        "U_c": 9954176.0,
        "AI_c": 64.29462368356758
      },
      "3": {
        "F_c": 0.0,
        "U_c": 0.0,
        "AI_c": 0.0
      },
      "4": {
        "F_c": 220000000.0,
        "U_c": 77163600.0,
        "AI_c": 2.8510852267131135
      },
      "5": {
        "F_c": 34000000.0,
        "U_c": 40960.0,
        "AI_c": 830.078125
      },
      "6": {
        "F_c": 0.0,
        "U_c": 0.0,
        "AI_c": 0.0
      },
      "7": {
        "F_c": 28050000.0,
        "U_c": 103644668.0,
        "AI_c": 0.2706362087049186
      }
    },
  "IN": {
      "1": {
        "F_c": 260000000.0,
        "U_c": 24908352.0,
        "AI_c": 10.4382658475358
      },
      "2": {
        "F_c": 0.0,
        "U_c": 0.0,
        "AI_c": 0.0
      },
      "3": {
        "F_c": 0.0,
        "U_c": 0.0,
        "AI_c": 0.0
      },
      "4": {
        "F_c": 89000000.0,
        "U_c": 19153600.0,
        "AI_c": 4.646646061314844
      },
      "5": {
        "F_c": 10000000.0,
        "U_c": 2842752.0,
        "AI_c": 3.51771804223513
      },
      "6": {
        "F_c": 0.0,
        "U_c": 0.0,
        "AI_c": 0.0
      },
      "7": {
        "F_c": 39150000.0,
        "U_c": 274877476.0,
        "AI_c": 0.14242709358987274
      }
    },
  "LE": {
      "1": {
        "F_c": 10170000000.0,
        "U_c": 26659692.0,
        "AI_c": 381.47477472732993
      },
      "2": {
        "F_c": 0.0,
        "U_c": 0.0,
        "AI_c": 0.0
      },
      "3": {
        "F_c": 0.0,
        "U_c": 0.0,
        "AI_c": 0.0
      },
      "4": {
        "F_c": 249000000.0,
        "U_c": 42699936.0,
        "AI_c": 5.831390473278461
      },
      "5": {
        "F_c": 24000000.0,
        "U_c": 1793992.0,
        "AI_c": 13.377986077975821
      },
      "6": {
        "F_c": 0.0,
        "U_c": 0.0,
        "AI_c": 0.0
      },
      "7": {
        "F_c": 20050000.0,
        "U_c": 22449136.0,
        "AI_c": 0.8931301409550907
      }
    },
  "MN": {
      "1": {
        "F_c": 10000000.0,
        "U_c": 5120000.0,
        "AI_c": 1.953125
      },
      "2": {
        "F_c": 1020000000.0,
        "U_c": 19583392.0,
        "AI_c": 52.08495034976576
      },
      "3": {
        "F_c": 0.0,
        "U_c": 0.0,
        "AI_c": 0.0
      },
      "4": {
        "F_c": 28000000.0,
        "U_c": 4051712.0,
        "AI_c": 6.9106590004422825
      },
      "5": {
        "F_c": 4000000.0,
        "U_c": 5128.0,
        "AI_c": 780.0312012480499
      },
      "6": {
        "F_c": 0.0,
        "U_c": 0.0,
        "AI_c": 0.0
      },
      "7": {
        "F_c": 12300000.0,
        "U_c": 65002848.0,
        "AI_c": 0.18922247837510134
      }
    },
  "MV2": {
      "1": {
        "F_c": 10000000.0,
        "U_c": 5120000.0,
        "AI_c": 1.953125
      },
      "2": {
        "F_c": 980000000.0,
        "U_c": 18006656.0,
        "AI_c": 54.42431954050769
      },
      "3": {
        "F_c": 0.0,
        "U_c": 0.0,
        "AI_c": 0.0
      },
      "4": {
        "F_c": 30000000.0,
        "U_c": 9828224.0,
        "AI_c": 3.052433481369574
      },
      "5": {
        "F_c": 2000000.0,
        "U_c": 5120.0,
        "AI_c": 390.625
      },
      "6": {
        "F_c": 0.0,
        "U_c": 0.0,
        "AI_c": 0.0
      },
      "7": {
        "F_c": 16850000.0,
        "U_c": 86305996.0,
        "AI_c": 0.195235566251967
      }
    },
  "MV3": {
      "1": {
        "F_c": 40000000.0,
        "U_c": 6463488.0,
        "AI_c": 6.1886089987325725
      },
      "2": {
        "F_c": 460000000.0,
        "U_c": 2153568.0,
        "AI_c": 213.59901335829656
      },
      "3": {
        "F_c": 0.0,
        "U_c": 0.0,
        "AI_c": 0.0
      },
      "4": {
        "F_c": 132000000.0,
        "U_c": 17061344.0,
        "AI_c": 7.736787910729658
      },
      "5": {
        "F_c": 20000000.0,
        "U_c": 11488.0,
        "AI_c": 1740.9470752089137
      },
      "6": {
        "F_c": 0.0,
        "U_c": 0.0,
        "AI_c": 0.0
      },
      "7": {
        "F_c": 20350000.0,
        "U_c": 29676396.0,
        "AI_c": 0.6857301675041673
      }
    },
  "MX": {
      "1": {
        "F_c": 18950000000.0,
        "U_c": 54384132.0,
        "AI_c": 348.4472272169389
      },
      "2": {
        "F_c": 340000000.0,
        "U_c": 6789312.0,
        "AI_c": 50.07871195196214
      },
      "3": {
        "F_c": 0.0,
        "U_c": 0.0,
        "AI_c": 0.0
      },
      "4": {
        "F_c": 282000000.0,
        "U_c": 44914464.0,
        "AI_c": 6.278601031507356
      },
      "5": {
        "F_c": 106000000.0,
        "U_c": 5631392.0,
        "AI_c": 18.823054761593582
      },
      "6": {
        "F_c": 500000.0,
        "U_c": 0.0,
        "AI_c": 500000000000000.0
      },
      "7": {
        "F_c": 40050000.0,
        "U_c": 49972476.0,
        "AI_c": 0.8014411773393018
      }
    },
  "R18": {
      "1": {
        "F_c": 10000000.0,
        "U_c": 2048000.0,
        "AI_c": 4.8828125
      },
      "2": {
        "F_c": 0.0,
        "U_c": 0.0,
        "AI_c": 0.0
      },
      "3": {
        "F_c": 0.0,
        "U_c": 0.0,
        "AI_c": 0.0
      },
      "4": {
        "F_c": 29000000.0,
        "U_c": 12945472.0,
        "AI_c": 2.240165518877952
      },
      "5": {
        "F_c": 4000000.0,
        "U_c": 804864.0,
        "AI_c": 4.969783715012722
      },
      "6": {
        "F_c": 0.0,
        "U_c": 0.0,
        "AI_c": 0.0
      },
      "7": {
        "F_c": 10500000.0,
        "U_c": 123318380.0,
        "AI_c": 0.08514545844666464
      }
    },
  "R50": {
      "1": {
        "F_c": 20000000.0,
        "U_c": 8204196.0,
        "AI_c": 2.437776961935088
      },
      "2": {
        "F_c": 0.0,
        "U_c": 0.0,
        "AI_c": 0.0
      },
      "3": {
        "F_c": 0.0,
        "U_c": 0.0,
        "AI_c": 0.0
      },
      "4": {
        "F_c": 70000000.0,
        "U_c": 66533440.0,
        "AI_c": 1.052102521679324
      },
      "5": {
        "F_c": 8000000.0,
        "U_c": 811016.0,