{
  "summary": {
    "total_models_analyzed": 11,
    "kernel_classes": {
      "1": "Dense GEMM / Standard Conv",
      "2": "Depthwise / Grouped Conv",
      "3": "Attention Core (QK^T, softmax, AV)",
      "4": "Elementwise / Pointwise",
      "5": "Reductions / Pooling / Norms",
      "6": "Embedding / Gather / Scatter",
      "7": "Data Movement / Layout"
    },
    "analysis_metadata": {
      "input_sizes": {
        "default": [
          224,
          224
        ],
        "inception_v3": [
          299,
          299
        ]
      },
      "batch_size": 1,
      "dtype": "float32",
      "framework": "onnx",
      "device": "cpu",
      "preprocessing": "none (zeros input for graph analysis)",
      "matching_eval_script": "__eval_onnx_.py"
    }
  },
  "per_model_results": {
  "CN": {
      "1": {
        "F_c": 8700850176.0,
        "U_c": 203582912.0,
        "AI_c": 42.738607531068226
      },
      "2": {
        "F_c": 210212352.0,
        "U_c": 18484992.0,
        "AI_c": 11.372055340894928
      },
      "3": {
        "F_c": 0.0,
        "U_c": 0.0,
        "AI_c": 0.0
      },
      "4": {
        "F_c": 61251260.0,
        "U_c": 625899936.0,
        "AI_c": 0.09786110602829651
      },
      "5": {
        "F_c": 5947392.0,
        "U_c": 24110560.0,
        "AI_c": 0.24667166585927494
      },
      "6": {
        "F_c": 0.0,
        "U_c": 0.0,
        "AI_c": 0.0
      },
      "7": {
        "F_c": 0.0,
        "U_c": 47585280.0,
        "AI_c": 0.0
      }
    },
  "DE": {
      "1": {
        "F_c": 2160703488.0,
        "U_c": 53326720.0,
        "AI_c": 40.518214658617666
      },
      "2": {
        "F_c": 0.0,
        "U_c": 0.0,
        "AI_c": 0.0
      },
      "3": {
        "F_c": 361304064.0,
        "U_c": 18589824.0,
        "AI_c": 19.43558282208589
      },
      "4": {
        "F_c": 16619942.0,
        "U_c": 166466096.0,
        "AI_c": 0.09983980161341682
      },
      "5": {
        "F_c": 6134832.0,
        "U_c": 18933552.0,
        "AI_c": 0.324019074709278
      },
      "6": {
        "F_c": 0.0,
        "U_c": 305664.0,
        "AI_c": 0.0
      },
      "7": {
        "F_c": 0.0,
        "U_c": 52000536.0,
        "AI_c": 0.0
      }
    },
  "DN": {
      "1": {
        "F_c": 5668323328.0,
        "U_c": 119075648.0,
        "AI_c": 47.602708221247724
      },
      "2": {
        "F_c": 0.0,
        "U_c": 0.0,
        "AI_c": 0.0
      },
      "3": {
        "F_c": 0.0,
        "U_c": 0.0,
        "AI_c": 0.0
      },
      "4": {
        "F_c": 15667456.0,
        "U_c": 125339648.0,
        "AI_c": 0.125
      },
      "5": {
        "F_c": 2508800.0,
        "U_c": 92676608.0,
        "AI_c": 0.027070477158594324
      },
      "6": {
        "F_c": 0.0,
        "U_c": 0.0,
        "AI_c": 0.0
      },
      "7": {
        "F_c": 0.0,
        "U_c": 90024128.0,
        "AI_c": 0.0
      }
    },
  "EN": {
      "1": {
        "F_c": 702565376.0,
        "U_c": 50263632.0,
        "AI_c": 13.977608621677001
      },
      "2": {
        "F_c": 69064128.0,
        "U_c": 25143168.0,
        "AI_c": 2.7468347664065242
      },
      "3": {
        "F_c": 0.0,
        "U_c": 0.0,
        "AI_c": 0.0
      },
      "4": {
        "F_c": 14841432.0,
        "U_c": 144239408.0,
        "AI_c": 0.10289443228996059
      },
      "5": {
        "F_c": 0.0,
        "U_c": 9517952.0,
        "AI_c": 0.0
      },
      "6": {
        "F_c": 0.0,
        "U_c": 0.0,
        "AI_c": 0.0
      },
      "7": {
        "F_c": 0.0,
        "U_c": 10240.0,
        "AI_c": 0.0
      }
    },
  "IN": {
      "1": {
        "F_c": 11426432192.0,
        "U_c": 187722220.0,
        "AI_c": 60.86883157465323
      },
      "2": {
        "F_c": 0.0,
        "U_c": 0.0,
        "AI_c": 0.0
      },
      "3": {
        "F_c": 0.0,
        "U_c": 0.0,
        "AI_c": 0.0
      },
      "4": {
        "F_c": 8967488.0,
        "U_c": 71739904.0,
        "AI_c": 0.125
      },
      "5": {
        "F_c": 24399360.0,
        "U_c": 32876544.0,
        "AI_c": 0.742150999813119
      },
      "6": {
        "F_c": 0.0,
        "U_c": 0.0,
        "AI_c": 0.0
      },
      "7": {
        "F_c": 0.0,
        "U_c": 37608256.0,
        "AI_c": 0.0
      }
    },
  "MN": {
      "1": {
        "F_c": 572157952.0,
        "U_c": 41855584.0,
        "AI_c": 13.669811703021514
      },
      "2": {
        "F_c": 56673792.0,
        "U_c": 19615296.0,
        "AI_c": 2.889265193856876
      },
      "3": {
        "F_c": 0.0,
        "U_c": 0.0,
        "AI_c": 0.0
      },
      "4": {
        "F_c": 5089728.0,
        "U_c": 41884416.0,
        "AI_c": 0.12151841868823
      },
      "5": {
        "F_c": 62720.0,
        "U_c": 256000.0,
        "AI_c": 0.245
      },
      "6": {
        "F_c": 0.0,
        "U_c": 0.0,
        "AI_c": 0.0
      },
      "7": {
        "F_c": 0.0,
        "U_c": 0.0,
        "AI_c": 0.0
      }
    },
  "MV2": {
      "1": {
        "F_c": 560115712.0,
        "U_c": 43278784.0,
        "AI_c": 12.942039036956306
      },
      "2": {
        "F_c": 41432832.0,
        "U_c": 24457728.0,
        "AI_c": 1.6940589084971425
      },
      "3": {
        "F_c": 0.0,
        "U_c": 0.0,
        "AI_c": 0.0
      },
      "4": {
        "F_c": 6322176.0,
        "U_c": 51442944.0,
        "AI_c": 0.12289685442574981
      },
      "5": {
        "F_c": 0.0,
        "U_c": 256000.0,
        "AI_c": 0.0
      },
      "6": {
        "F_c": 0.0,
        "U_c": 0.0,
        "AI_c": 0.0
      },
      "7": {
        "F_c": 0.0,
        "U_c": 10240.0,
        "AI_c": 0.0
      }
    },
  "MV3": {
      "1": {
        "F_c": 98099712.0,
        "U_c": 16770848.0,
        "AI_c": 5.849418705601529
      },
      "2": {
        "F_c": 14921088.0,
        "U_c": 5205312.0,
        "AI_c": 2.8665117479989672
      },
      "3": {
        "F_c": 0.0,
        "U_c": 0.0,
        "AI_c": 0.0
      },
      "4": {
        "F_c": 1608816.0,
        "U_c": 22700960.0,
        "AI_c": 0.0708699543984043
      },
      "5": {
        "F_c": 0.0,
        "U_c": 1265888.0,
        "AI_c": 0.0
      },
      "6": {
        "F_c": 0.0,
        "U_c": 0.0,
        "AI_c": 0.0
      },
      "7": {
        "F_c": 0.0,
        "U_c": 4608.0,
        "AI_c": 0.0
      }
    },
  "R18": {
      "1": {
        "F_c": 3628146688.0,
        "U_c": 65410368.0,
        "AI_c": 55.46745567919752
      },
      "2": {
        "F_c": 0.0,
        "U_c": 0.0,
        "AI_c": 0.0
      },
      "3": {
        "F_c": 0.0,
        "U_c": 0.0,
        "AI_c": 0.0
      },
      "4": {
        "F_c": 3060736.0,
        "U_c": 27496448.0,
        "AI_c": 0.11131386861313869
      },
      "5": {
        "F_c": 1806336.0,
        "U_c": 4116480.0,
        "AI_c": 0.4388059701492537
      },
      "6": {
        "F_c": 0.0,
        "U_c": 0.0,
        "AI_c": 0.0
      },
      "7": {
        "F_c": 0.0,
        "U_c": 4096.0,
        "AI_c": 0.0
      }
    },
  "R50": {
      "1": {
        "F_c": 8178372608.0,
        "U_c": 189243812.0,
        "AI_c": 43.21606356143365
      },
      "2": {
        "F_c": 0.0,
        "U_c": 0.0,
        "AI_c": 0.0
      },
      "3": {
        "F_c": 0.0,
        "U_c": 0.0,
        "AI_c": 0.0
      },
      "4": {
        "F_c": 15129065.0,
        "U_c": 143117976.0,
        "AI_c": 0.10571044548589759
      },
      "5": {
        "F_c": 1909691.0,
        "U_c": 4431688.0,
        "AI_c": 0.43091729381671273
      },
      "6": {
        "F_c": 0.0,
        "U_c": 0.0,
        "AI_c": 0.0
      },
      "7": {
        "F_c": 0.0,
        "U_c": 16384.0,
        "AI_c": 0.0
      }
    },
  "SN": {
      "1": {
        "F_c": 698303872.0,
        "U_c": 22179392.0,
        "AI_c": 31.484355928241857
      },
      "2": {
        "F_c": 0.0,
        "U_c": 0.0,
        "AI_c": 0.0
      },
      "3": {
        "F_c": 0.0,
        "U_c": 0.0,
        "AI_c": 0.0
      },