{
  "summary": {
    "total_models_analyzed": 13,
    "kernel_classes": {
      "1": "Dense GEMM / Standard Conv",
      "2": "Depthwise / Grouped Conv",
      "3": "Attention Core (QK^T, softmax, AV)",
      "4": "Elementwise / Pointwise",
      "5": "Reductions / Pooling / Norms",
      "6": "Embedding / Gather / Scatter",
      "7": "Data Movement / Layout"
    },
    "analysis_metadata": {
      "input_sizes": {
        "default": [
          224,
          224
        ],
        "inception_v3": [
          299,
          299
        ]
      },
      "batch_size": 1,
      "dtype": "float32",
      "device": "cpu",
      "preprocessing": "none (zeros input for graph analysis)",
      "matching_eval_script": "__eval_torch_.py"
    }
  },
  "per_model_results": {
  "CN-983f1562": {
      "1": {
        "F_c": 429010944.0,
        "U_c": 407430784.0,
        "AI_c": 1.052966444479561
      },
      "2": {
        "F_c": 210212352.0,
        "U_c": 36969984.0,
        "AI_c": 5.686027670447464
      },
      "3": {
        "F_c": 0.0,
        "U_c": 0.0,
        "AI_c": 0.0
      },
      "4": {
        "F_c": 21451008.0,
        "U_c": 180214656.0,
        "AI_c": 0.11903031904352995
      },
      "5": {
        "F_c": 5948928.0,
        "U_c": 48016896.0,
        "AI_c": 0.12389238987876268
      },
      "6": {
        "F_c": 0.0,
        "U_c": 0.0,
        "AI_c": 0.0
      },
      "7": {
        "F_c": 0.0,
        "U_c": 47579136.0,
        "AI_c": 0.0
      }
    },
  "DE": {
      "1": {
        "F_c": 69187584.0,
        "U_c": 106819328.0,
        "AI_c": 0.6477066023107728
      },
      "2": {
        "F_c": 0.0,
        "U_c": 0.0,
        "AI_c": 0.0
      },
      "3": {
        "F_c": 1493201952.0,
        "U_c": 18589824.0,
        "AI_c": 80.32361963190183
      },
      "4": {
        "F_c": 17194736.0,
        "U_c": 141666080.0,
        "AI_c": 0.12137510969457191
      },
      "5": {
        "F_c": 8957520.0,
        "U_c": 26573952.0,
        "AI_c": 0.3370789561146193
      },
      "6": {
        "F_c": 0.0,
        "U_c": 0.0,
        "AI_c": 0.0
      },
      "7": {
        "F_c": 0.0,
        "U_c": 18852864.0,
        "AI_c": 0.0
      }
    },
  "DN-a639ec97": {
      "1": {
        "F_c": 5668323328.0,
        "U_c": 238091392.0,
        "AI_c": 23.807342551888645
      },
      "2": {
        "F_c": 0.0,
        "U_c": 0.0,
        "AI_c": 0.0
      },
      "3": {
        "F_c": 0.0,
        "U_c": 0.0,
        "AI_c": 0.0
      },
      "4": {
        "F_c": 31285760.0,
        "U_c": 250286080.0,
        "AI_c": 0.125
      },
      "5": {
        "F_c": 32088576.0,
        "U_c": 266606080.0,
        "AI_c": 0.12035950567969042
      },
      "6": {
        "F_c": 0.0,
        "U_c": 0.0,
        "AI_c": 0.0
      },
      "7": {
        "F_c": 0.0,
        "U_c": 84396032.0,
        "AI_c": 0.0
      }
    },
  "EN_torchvision": {
      "1": {
        "F_c": 702565376.0,
        "U_c": 100430880.0,
        "AI_c": 6.995511500048591
      },
      "2": {
        "F_c": 69064128.0,
        "U_c": 50214656.0,
        "AI_c": 1.3753778976400834
      },
      "3": {
        "F_c": 0.0,
        "U_c": 0.0,
        "AI_c": 0.0
      },
      "4": {
        "F_c": 14852952.0,
        "U_c": 119699904.0,
        "AI_c": 0.12408491154679623
      },
      "5": {
        "F_c": 13495872.0,
        "U_c": 127175168.0,
        "AI_c": 0.10612033946752876
      },
      "6": {
        "F_c": 0.0,
        "U_c": 0.0,
        "AI_c": 0.0
      },
      "7": {
        "F_c": 0.0,
        "U_c": 0.0,
        "AI_c": 0.0
      }
    },
  "IN_google-0cc3c7bd": {
      "1": {
        "F_c": 14107991424.0,
        "U_c": 375994200.0,
        "AI_c": 37.52183258146003
      },
      "2": {
        "F_c": 0.0,
        "U_c": 0.0,
        "AI_c": 0.0
      },
      "3": {
        "F_c": 0.0,
        "U_c": 0.0,
        "AI_c": 0.0
      },
      "4": {
        "F_c": 9103968.0,
        "U_c": 74601216.0,
        "AI_c": 0.12203511535254331
      },
      "5": {
        "F_c": 21093984.0,
        "U_c": 184257856.0,
        "AI_c": 0.11448078501466988
      },
      "6": {
        "F_c": 0.0,
        "U_c": 0.0,
        "AI_c": 0.0
      },
      "7": {
        "F_c": 0.0,
        "U_c": 21357056.0,
        "AI_c": 0.0
      }
    },
  "LE": {
      "1": {
        "F_c": 570410400.0,
        "U_c": 77463440.0,
        "AI_c": 7.363607916198919
      },
      "2": {
        "F_c": 0.0,
        "U_c": 0.0,
        "AI_c": 0.0
      },
      "3": {
        "F_c": 0.0,
        "U_c": 0.0,
        "AI_c": 0.0
      },
      "4": {
        "F_c": 4196454.0,
        "U_c": 33550644.0,
        "AI_c": 0.12507819522033617
      },
      "5": {
        "F_c": 3530426.0,
        "U_c": 14085392.0,
        "AI_c": 0.2506444975049328
      },
      "6": {
        "F_c": 0.0,
        "U_c": 0.0,
        "AI_c": 0.0
      },
      "7": {
        "F_c": 0.0,
        "U_c": 4395520.0,
        "AI_c": 0.0
      }
    },
  "MN_top1_73.512-f206786ef8": {
      "1": {
        "F_c": 572157952.0,
        "U_c": 83623296.0,
        "AI_c": 6.842088022935618
      },
      "2": {
        "F_c": 56673792.0,
        "U_c": 39166784.0,
        "AI_c": 1.4469860992416432
      },
      "3": {
        "F_c": 0.0,
        "U_c": 0.0,
        "AI_c": 0.0
      },
      "4": {
        "F_c": 9889088.0,
        "U_c": 80279296.0,
        "AI_c": 0.123183541619498
      },
      "5": {
        "F_c": 10914560.0,
        "U_c": 87865600.0,
        "AI_c": 0.1242188069050914
      },
      "6": {
        "F_c": 0.0,
        "U_c": 0.0,
        "AI_c": 0.0
      },
      "7": {
        "F_c": 0.0,
        "U_c": 0.0,
        "AI_c": 0.0
      }
    },
  "MV2-7ebf99e0": {
      "1": {
        "F_c": 560115712.0,
        "U_c": 86478208.0,
        "AI_c": 6.476957894409653
      },
      "2": {
        "F_c": 41432832.0,
        "U_c": 48858368.0,
        "AI_c": 0.8480191561044363
      },
      "3": {
        "F_c": 0.0,
        "U_c": 0.0,
        "AI_c": 0.0
      },
      "4": {
        "F_c": 6324736.0,
        "U_c": 51463424.0,
        "AI_c": 0.12289769137786091
      },
      "5": {
        "F_c": 13357504.0,
        "U_c": 107378688.0,
        "AI_c": 0.12439623028361084
      },
      "6": {
        "F_c": 0.0,
        "U_c": 0.0,
        "AI_c": 0.0
      },
      "7": {
        "F_c": 0.0,
        "U_c": 0.0,
        "AI_c": 0.0
      }
    },
  "MV3-047dcff4": {
      "1": {
        "F_c": 98099712.0,
        "U_c": 33512896.0,
        "AI_c": 2.9272227622465095
      },
      "2": {
        "F_c": 14921088.0,
        "U_c": 10390976.0,
        "AI_c": 1.4359659766320314
      },
      "3": {
        "F_c": 0.0,
        "U_c": 0.0,
        "AI_c": 0.0
      },
      "4": {
        "F_c": 2882840.0,
        "U_c": 23285152.0,
        "AI_c": 0.12380593435679527
      },
      "5": {
        "F_c": 2831280.0,
        "U_c": 25232960.0,
        "AI_c": 0.11220562312150457
      },
      "6": {
        "F_c": 0.0,
        "U_c": 0.0,
        "AI_c": 0.0
      },
      "7": {
        "F_c": 0.0,
        "U_c": 0.0,
        "AI_c": 0.0
      }
    },
  "MX": {
      "1": {
        "F_c": 570410400.0,
        "U_c": 77463440.0,
        "AI_c": 7.363607916198919
      },
      "2": {
        "F_c": 0.0,
        "U_c": 0.0,
        "AI_c": 0.0
      },
      "3": {
        "F_c": 0.0,
        "U_c": 0.0,
        "AI_c": 0.0
      },
      "4": {
        "F_c": 4196454.0,
        "U_c": 33550644.0,
        "AI_c": 0.12507819522033617
      },
      "5": {
        "F_c": 3530426.0,
        "U_c": 14085392.0,
        "AI_c": 0.2506444975049328
      },
      "6": {
        "F_c": 0.0,
        "U_c": 0.0,
        "AI_c": 0.0
      },
      "7": {
        "F_c": 0.0,
        "U_c": 4395520.0,
        "AI_c": 0.0
      }
    },
  "R18-f37072fd": {
      "1": {
        "F_c": 3628146688.0,
        "U_c": 130782336.0,
        "AI_c": 27.741870951135176
      },